,surface_area,agricultural_land,forest_area,armed_forces_total,urban_pop_major_cities,urban_pop_minor_cities,national_income,inflation_annual,inflation_monthly,inflation_weekly,mobile_subscriptions,internet_users,secure_internet_servers_total,improved_sanitation,women_parliament_seats_rate,life_expectancy
0,120540,2632839.465,5417843.036,1379000,55.74716869,4.688831313,unknown,,,,less than 1 per person,0 per 1000 people,,high access,[0%-25%),69.49419512
1,752610,24030389.11,49575535.05,16500,16.89068666,23.13631334,very low,,0.5814730046,,less than 1 per person,154 per 1000 people,2623624,low access,[0%-25%),59.23736585
2,1396,3000,79.99999964,,18.3900898,23.1399102,unknown,,,,more than 1 per person,90 per 100 people,1656589083,no info,unknown,81.3
3,2758812,122884535.2,105094302.7,1518650,50.96688484,24.52242746,high,1.374906203,,,more than 1 per person,76 per 100 people,662507174,very high access,[25%-50%),81.37319674
4,340,11000,16990,,5.311884719,30.27111528,unknown,-0.044228555,,,more than 1 per person,350 per 1000 people,28328077,very high access,[25%-50%),73.19356098
5,783560,39102151.58,11614276.69,612800,37.69952366,34.13447634,medium low,,0.7409641638,,less than 1 per person,45 per 100 people,116600363,very high access,[0%-25%),74.86243902
6,28460395,839147521.3,1081037624,5032780,32.85355804,37.46938735,medium high,2.773338541,,,more than 1 per person,64 per 100 people,470224108,very high access,[0%-25%),76.56936788
7,549091,28927193.41,16696523.58,325600,24.58276076,54.23723924,high,1.9556855,,,less than 1 per person,81 per 100 people,409308504,very high access,[25%-50%),81.96829268
8,357170,17076607.79,11695590.78,186450,18.09116805,56.59683195,high,2.008491182,,,more than 1 per person,82 per 100 people,1110775080,very high access,[25%-50%),80.89268293
10,716,740.3399431,16581.5864,147600,51.28834383,48.71165617,unknown,,0.3773875539,,more than 1 per person,72 per 100 people,635306076,very high access,[0%-25%),81.99512195
11,9831510,439271624.4,332398763.6,1492200,52.40315627,28.70484373,high,2.069337265,,,less than 1 per person,79 per 100 people,1473146155,very high access,[0%-25%),78.74146341
12,18270,424999.9999,1002620,3500,49.97135656,2.62464344,low,,0.2840277778,,less than 1 per person,337 per 1000 people,35462697,very high access,unknown,69.74321951
13,14455816,564680267.3,404446862.5,3145650,13.57924989,15.37211665,very low,,0.5627602931,,less than 1 per person,44 per 1000 people,936538,low access,[0%-25%),60.25992568
14,134325255.2,5067599514,4132116650,27206623,13.21831517,39.7031868,medium low,2.655488016,,,less than 1 per person,380 per 1000 people,159350993,medium access,[0%-25%),71.20961469
15,114760,3816512.948,4489236.963,9450,34.14852301,8.937476986,very low,0.971851852,,,less than 1 per person,49 per 1000 people,1065661,very low access,[0%-25%),59.31202439
17,342000,10642559.3,22397544.95,12000,39.19719311,25.33380689,very low,,0.4974107386,,more than 1 per person,66 per 1000 people,1137829,very low access,[0%-25%),61.66639024
18,1100,5342.857143,,,61.28741134,38.71258866,unknown,,0.3380503145,,more than 2 per person,73 per 100 people,636653342,no info,unknown,83.4804878
20,41620894,1867161539,1199460633,8284713,35.85119767,25.05063498,medium low,2.816502821,,,less than 1 per person,44 per 100 people,17156152,high access,[0%-25%),74.31709027
21,267670,5360256.142,23477090.85,6700,35.8921344,50.7658656,medium low,0.480142671,,,more than 2 per person,92 per 1000 people,9694907,low access,[0%-25%),63.84358537
22,13880,19412.58742,714105.8941,1300,5.680566343,77.05143366,medium high,0.346878097,,,less than 1 per person,72 per 100 people,267308206,very high access,[0%-25%),75.07353659
24,9250,116525.9741,172966.9914,12750,58.46604992,8.794950078,medium high,2.389768958,,,less than 1 per person,61 per 100 people,786325725,very high access,[0%-25%),79.76226829
25,2590,130880,86699.99999,1510,5.446646188,84.12135381,very high,1.734030794,,,more than 1 per person,94 per 100 people,2190076561,very high access,[0%-25%),81.79756098
26,207600,8999308.068,8771972.204,158000,44.21538578,31.25161422,medium low,,,,more than 1 per person,47 per 100 people,19547760,very high access,[25%-50%),71.96585366
27,1098580,38201337.21,56122601.64,83200,61.16444988,6.531550121,low,,0.4762983415,,less than 1 per person,369 per 1000 people,9134676,low access,[25%-50%),67.91343902
30,810,34000,12150,,31.093678,12.961322,low,,,,less than 1 per person,115 per 1000 people,9212854,low access,[0%-25%),65.76658537
32,580370,28175182.03,4425430.871,29100,14.93841622,9.841583779,very low,,0.47652284,,less than 1 per person,390 per 1000 people,4852049,low access,[0%-25%),60.95378049
33,109880,6546721.19,3192485.265,75500,2.954639336,73.91736066,unknown,,,,less than 1 per person,279 per 1000 people,440044,very high access,[25%-50%),79.25639024
34,24276156.7,605695064.2,937509048.6,2455300,23.3228053,57.12260349,medium high,2.206461781,,,more than 1 per person,67 per 100 people,100158311,high access,[0%-25%),74.07102014
35,2344860,27099239.98,158781066.7,134250,20.50832125,20.44167875,very low,,0.8101523386,,less than 1 per person,17 per 1000 people,241851,low access,[0%-25%),57.85407317
36,2840,35123.67492,171604.2403,,15.12759804,4.511401961,low,2.049018835,,,less than 1 per person,129 per 1000 people,26468891,very high access,[0%-25%),72.98004878
38,267710,11291585.05,10321236.7,8500,15.21881448,71.00418552,high,1.302862025,,,more than 1 per person,83 per 100 people,1108034488,no info,[25%-50%),81.40731707
40,118480,7276190.072,4000019.516,6800,13.59064565,2.353354348,very low,,,0.5246794871,less than 1 per person,50 per 1000 people,926491,low access,[0%-25%),61.466
41,330800,7787971.389,22304105.68,133600,12.82273925,59.70326075,medium low,1.655361757,,,more than 1 per person,66 per 100 people,66156845,very high access,[0%-25%),74.42331707
43,111000,5107267.87,3873752.763,47300,70.31483661,2.985163394,medium low,0.890093541,,,more than 1 per person,53 per 100 people,145902714,high access,[0%-25%),74.46585366
44,947300,42456321.97,50451371.42,28400,14.25249977,15.24050023,very low,,,0.3077133433,less than 1 per person,40 per 1000 people,740045,very low access,[25%-50%),63.52090244
45,390760,16363737.88,15150801.07,50800,27.25950789,5.574492106,very low,,,,less than 1 per person,171 per 1000 people,2814874,low access,[0%-25%),53.64307317
46,309500,1472800,2000.000142,47000,6.882816719,69.32118328,medium low,2.910702521,,,more than 1 per person,60 per 100 people,52465424,very high access,[0%-25%),76.58956098
47,17098250,226391522.4,850912791.2,1260000,46.76417645,27.08682355,medium low,,0.5635418776,,more than 1 per person,68 per 100 people,51133426,medium access,[0%-25%),71.07317073
48,147180,4231104.151,3733146.006,157750,3.624614494,13.89338551,very low,,0.7878483953,,less than 1 per person,111 per 1000 people,2472681,low access,[25%-50%),68.82331707
49,1964380,107826419.3,66919174.68,325450,4.657008602,74.0339914,medium low,,0.3171991519,,less than 1 per person,43 per 100 people,26151585,high access,[25%-50%),76.53265854
50,17360,1233367.442,582165.5814,,3.837080238,17.49991976,low,,0.4682999514,,less than 1 per person,247 per 1000 people,8795490,medium access,[0%-25%),48.93792683
52,190,9500,800,,1.620142908,29.56885709,unknown,,,,unknown,unknown,,no info,unknown,80.31865854
53,644330,,,210000,17.42173686,0.7782631415,unknown,,,,less than 1 per person,unknown,,very low access,[25%-50%),54.727
54,406752,22011497.61,16686967.53,25450,18.01968823,40.92031177,low,,0.3063265817,,more than 1 per person,293 per 1000 people,11443509,high access,[0%-25%),72.654
55,15769280,556895077.7,854488896.1,2114374,64.97557601,12.18462617,medium low,,0.3426257122,,more than 1 per person,41 per 100 people,36476769,high access,[0%-25%),74.1467685
56,88360,5121162.131,2745161.125,28150,18.83925078,36.53374922,unknown,,0.6411886358,,more than 1 per person,52 per 100 people,34756479,very high access,[25%-50%),75.13658537
57,65130,873541.6642,4013227.792,,25.8127261,10.94954761,low,2.049018835,,,less than 1 per person,209 per 1000 people,40479653,medium access,unknown,69.53548143
59,475440,9806308.306,19588478.01,23200,15.61954193,37.05745807,very low,2.942510001,,,less than 1 per person,57 per 1000 people,1200398,low access,[0%-25%),54.5875122
60,163610,10448882.72,1064054.737,47800,14.6933756,51.5806244,low,,0.4281764248,,more than 1 per person,41 per 100 people,13082811,very high access,[25%-50%),73.99512195
61,56790,4019884.17,258316.7126,9300,12.88098053,25.61201947,very low,2.630773937,,,less than 1 per person,40 per 1000 people,3261394,very low access,[0%-25%),58.55385366
62,527970,23550000,549000.0002,137900,32.75009839,0.1239016051,very low,,,,less than 1 per person,174 per 1000 people,442073,medium access,[0%-25%),63.32729268
63,1030700,39661000,234999.9999,20850,17.24120836,40.75879164,very low,,0.4113233178,,more than 1 per person,50 per 1000 people,1853290,low access,[0%-25%),62.56017073
65,83600,381700,319420,51000,5.737977776,78.94602222,high,0.664067308,,,more than 1 per person,85 per 100 people,188884900,very high access,[0%-25%),77.02414634
68,131960,8330166.952,4088405.399,148950,50.49008192,26.85291808,medium high,-0.921271918,,,more than 1 per person,60 per 100 people,136295019,very high access,[0%-25%),80.63414634
69,238390,14232718.33,6895504.851,151300,30.14231242,23.94868758,medium low,,0.2778166877,,more than 1 per person,46 per 100 people,70794572,high access,[0%-25%),74.46341463
70,1284000,50918472.05,5229200.127,34850,2.505400433,19.72159957,very low,0.145451048,,,less than 1 per person,23 per 1000 people,,very low access,[0%-25%),51.1914878
72,505940,27250625.7,18559798.13,213950,30.26737709,48.86162291,medium high,1.408628285,,,more than 1 per person,72 per 100 people,269197509,very high access,[25%-50%),82.42682927
73,27750,1782202.467,100085.2685,50,48.71414259,6.126857406,very low,,0.523305458,,less than 1 per person,98 per 1000 people,1652278,low access,[0%-25%),62.03339024
74,65610,2866710.254,2179536.788,223100,7.119549476,11.18045052,low,,0.5759622108,,less than 1 per person,219 per 1000 people,8983059,very high access,[0%-25%),74.24029268
75,1240190,42333696.96,5033167.687,7800,25.59301628,11.98598372,very low,,0.4522822658,,less than 1 per person,28 per 1000 people,930964,very low access,[0%-25%),57.095
76,10450,672150.5376,140089.2473,80000,50.10858947,37.43941053,medium low,,0.4619857281,,less than 1 per person,70 per 100 people,42728975,high access,[0%-25%),80.12887805
77,340,11000,16990,,4.270077261,31.33092274,unknown,2.41077704,,,more than 1 per person,320 per 1000 people,47404149,very high access,[0%-25%),73.00226829
78,652860,37910000,1350000,330650,5.871005818,19.99999418,very low,,0.6378597139,,less than 1 per person,59 per 1000 people,977756,low access,[25%-50%),60.02826829
79,130370,5528320.675,3373543.128,12000,37.91331767,19.92768233,low,,0.5994677979,,less than 1 per person,135 per 1000 people,10549539,medium access,[25%-50%),74.21246341
82,267710,11396712.9,10321033.36,8550,40.61204683,45.58795317,high,0.883430295,,,more than 1 per person,82 per 100 people,1474331345,no info,[25%-50%),81.15609756
84,65300,2961286.339,2265089.191,23350,56.70198482,9.902015177,medium low,,0.2572469857,,more than 1 per person,67 per 100 people,272778421,very high access,[0%-25%),73.86341463
85,14870,380000,708399.9999,1330,18.51862328,12.96637672,unknown,,,0.2145504319,less than 1 per person,11 per 1000 people,847408,low access,[25%-50%),67.52236585
86,2396930,84774445.48,90918192.36,90530,37.16175899,8.628797753,low,2.205892681,,,more than 1 per person,240 per 1000 people,40684061,medium access,[0%-25%),64.86720408
87,23200,1703468.507,5604.83174,12950,52.33901202,24.84698798,unknown,2.420593208,,,less than 1 per person,95 per 1000 people,4626663,low access,[0%-25%),61.68646341
88,49036,1965396.49,1977633.056,15850,13.74013263,40.42286737,medium high,,0.3005085529,,more than 1 per person,77 per 100 people,226348982,very high access,[0%-25%),76.1097561
89,7741220,408583814.5,124776700.8,56200,75.32201267,13.69298733,very high,1.762780156,,,more than 1 per person,79 per 100 people,1721073691,very high access,[0%-25%),82.04634146
90,16270863,780108614.9,482742051.8,7180730,7.397338359,42.48484525,low,,0.2643404705,,less than 1 per person,361 per 1000 people,5150001,medium access,[0%-25%),73.50340561
91,92220,3666651.092,3226491.877,79850,29.80079768,32.53720232,medium high,0.274416667,,,more than 1 per person,62 per 100 people,218412123,very high access,[25%-50%),80.37317073
92,1104300,40040813.7,13712976.54,138000,13.3881949,5.201805105,very low,,0.6732060272,,less than 1 per person,19 per 1000 people,169208,low access,[25%-50%),63.44219512
93,267670,5360256.142,23269328.99,6700,73.44274263,12.92425737,medium low,2.661784381,,,more than 1 per person,86 per 1000 people,11155948,low access,[0%-25%),63.28073171
94,1141748,43856295.24,60284592.83,440224,71.89861697,3.704383028,medium low,,0.2647445312,,more than 1 per person,49 per 100 people,28945617,high access,[0%-25%),73.63078049
95,750,32291.66667,9375,,18.03444875,5.525551248,low,0.712058511,,,less than 1 per person,350 per 1000 people,19022437,very high access,[0%-25%),72.64034146
96,33449119,1128101177,1052355343,4725510,11.19012179,69.26516352,high,1.421677444,,,more than 1 per person,82 per 100 people,988122890,very high access,[25%-50%),80.65043473
98,88360,5103987.194,2743746.718,28150,43.59235245,11.71464755,unknown,,0.6108654913,,more than 1 per person,48 per 100 people,37782621,very high access,[25%-50%),74.83658537
99,4030,84000.00001,87020,1200,24.7708751,38.6181249,low,2.543293964,,,less than 1 per person,347 per 1000 people,23958313,medium access,[0%-25%),72.82821951
101,430,14000,6300,610,3.814572431,27.95442757,medium high,,0.3777789616,,more than 1 per person,70 per 100 people,376447191,very high access,[0%-25%),75.17102439
102,622980,5080000,22201200,8150,38.78735569,0.7126443059,very low,1.501845124,,,less than 1 per person,35 per 1000 people,212284,very low access,unknown,49.87987805
103,447400,28133403.86,3421505.698,68000,3.428543622,32.75345638,low,,,,less than 1 per person,365 per 1000 people,671716,very high access,[0%-25%),68.104
104,320,10230,350,2130,50.15020158,44.98879842,unknown,1.374906203,,,more than 1 per person,69 per 100 people,1469150208,very high access,[0%-25%),80.74634146
107,1861,133000,37800,,0.5234901152,27.58050988,very low,,,,less than 1 per person,65 per 1000 people,1330323,low access,[0%-25%),62.93217073
108,770,8600.000001,569.9999998,19460,13.34082233,75.32617767,medium high,,0.2657706744,,more than 1 per person,90 per 100 people,140059448,very high access,[0%-25%),76.54595122
109,20270,481186.0476,1255653.029,13550,48.48254447,1.281455525,medium high,1.760351239,,,more than 1 per person,73 per 100 people,547585309,very high access,[25%-50%),80.27804878
110,36130,2094306.543,2559422.475,6450,31.22732714,16.51967286,very low,1.207125557,,,less than 1 per person,31 per 1000 people,1138215,very low access,[0%-25%),54.83841463
113,338420,2515125.769,24742556.71,25000,39.08271301,44.86928699,high,1.475936667,,,more than 1 per person,92 per 100 people,1546983511,very high access,[25%-50%),80.83170732
114,43090,2649583.078,611526.6179,17200,53.17463354,34.14936646,very high,0.78261432,,,more than 1 per person,95 per 100 people,2102607832,very high access,[25%-50%),80.30243902
116,48670,2369036.424,1930482.657,61000,64.52179917,12.56020083,medium low,,0.4025792473,,less than 1 per person,46 per 100 people,20619744,high access,[0%-25%),73.31990244
117,111370,3121875,4901343.751,2050,5.541023916,43.37997608,very low,,0.6312414881,,less than 1 per person,32 per 1000 people,931599,very low access,[0%-25%),60.52039024
118,62144163.5,2758806668,1742308628,16917543,7.450535045,40.95606962,low,,0.3530422376,,less than 1 per person,308 per 1000 people,9976189,medium access,[0%-25%),70.30486433
119,13152838.5,504456351.7,37568745.92,3542060,51.34581588,5.503186795,medium low,,0.3541316606,,more than 1 per person,300 per 1000 people,13185508,high access,[0%-25%),70.42899084
120,796100,37242831.96,1653378.088,947800,33.96205903,3.465940967,very low,,0.8070877842,,less than 1 per person,100 per 1000 people,1285287,medium access,[0%-25%),65.71687805
122,9984670,71749879.4,381235110.5,66000,68.81247833,12.48052167,high,1.515678231,,,less than 1 per person,83 per 100 people,1237918334,very high access,[0%-25%),81.23804878
123,131960,8339380.605,4057488.471,147350,34.32752652,42.67247348,medium high,1.501519795,,,more than 1 per person,55 per 100 people,171192572,very high access,[0%-25%),80.63414634
124,2149690,173295000,977000.0002,251500,29.58223374,53.13676626,medium high,,0.2921886347,,more than 1 per person,60 per 100 people,32680982,very high access,[0%-25%),74.17763415
125,513120,21955417.41,16380187.67,453550,46.57248318,0.109516822,low,,0.2512416253,,more than 1 per person,265 per 1000 people,19459792,very high access,[0%-25%),74.07190244
126,947300,42402850.53,50053543.91,28400,30.12142492,0.07457508254,very low,,0.6558936372,,less than 1 per person,44 per 1000 people,1055494,very low access,[25%-50%),64.29182927
127,446550,30420030.58,5659168.273,245800,1.945768487,56.75123151,low,1.278741213,,,more than 1 per person,55 per 100 people,3516836,high access,[0%-25%),73.36465854
128,56790,3988560.397,237643.0226,9300,3.936736693,35.04226331,very low,1.766766021,,,less than 1 per person,45 per 1000 people,3030863,very low access,[0%-25%),59.13236585
129,338420,2544748.238,24742556.71,25000,73.39095772,10.42804228,high,2.808332326,,,more than 1 per person,90 per 100 people,1612679492,very high access,[25%-50%),80.62682927
130,20523269.5,895538378.6,545041061,8761180,12.81595783,24.82118197,low,,0.3801491574,,less than 1 per person,172 per 1000 people,3797597,low access,[0%-25%),66.69771387
131,1285220,24425204.47,74779521.62,192000,11.68315165,65.93284835,medium low,,0.3044776966,,less than 1 per person,382 per 1000 people,21552605,medium access,[0%-25%),74.05765854
132,24291138.5,1065506666,630369547.6,1845910,6.024418505,30.7038063,low,,0.4553668227,,less than 1 per person,169 per 1000 people,6707838,low access,[0%-25%),58.0773024
133,11370800,377173915.8,23435879.41,3986540,21.97470493,41.16088202,medium low,,0.266611977,,more than 1 per person,313 per 1000 people,21867430,high access,[0%-25%),72.68814151
134,357170,17110424.89,11697640.3,181550,33.17572162,41.71427838,high,1.504722267,,,more than 1 per person,84 per 100 people,1070610110,very high access,[25%-50%),81.04390244
135,245860,14508261.44,6439666.938,12300,32.65703825,3.551961752,very low,,,0.228623534,less than 1 per person,16 per 1000 people,83691,very low access,unknown,58.2164878
136,24291143.5,1070886967,633296860.9,1860810,1.912358891,34.31495506,low,,0.5479916423,,less than 1 per person,146 per 1000 people,6469802,low access,[0%-25%),57.54621094
137,185180,14038505.58,495144.4754,178000,12.99725571,43.85774429,unknown,,,,less than 1 per person,262 per 1000 people,458938,very high access,[0%-25%),74.71578049
139,142550,4965213.275,418401.972,16300,26.14804072,0.4199592788,very low,,,,less than 1 per person,145 per 1000 people,882620,very high access,[0%-25%),69.16697561
140,11610,66520,0,11800,31.94615144,66.99984856,very high,1.866585067,,,more than 1 per person,69 per 100 people,143379916,very high access,[0%-25%),78.22765854
141,19816230,514990933.5,713171918.8,1558200,64.35148727,16.77844746,high,1.792507748,,,less than 1 per person,80 per 100 people,1450374794,very high access,[0%-25%),78.99067409
142,41620893,1860845395,1199396828,8888604,56.8458173,3.100958092,medium low,,0.3467867967,,less than 1 per person,41 per 100 people,18597398,high access,[0%-25%),74.12978456
146,580370,28277155.18,4388108.697,29100,20.11248662,4.25751338,very low,,0.7815329876,,less than 1 per person,321 per 1000 people,4231016,low access,[0%-25%),60.27278049
147,185180,14038505.58,495144.4754,178000,20.67101431,35.78798569,unknown,,,0.7058133719,less than 1 per person,243 per 1000 people,373358,very high access,[0%-25%),74.71070732
149,9984670,71645569.44,381183943.6,65700,77.59887667,3.873123331,high,0.938291898,,,less than 1 per person,86 per 100 people,1035260404,very high access,[0%-25%),81.40112195
150,117600,8839794.059,1768424.554,201750,9.039462644,12.72553736,very low,,,,less than 1 per person,9 per 1000 people,,very low access,[0%-25%),63.17787805
151,92210,3682762.092,3237971.416,90300,32.82263868,28.93536132,medium high,2.773338541,,,more than 1 per person,60 per 100 people,241182846,very high access,[25%-50%),80.37317073
154,622980,5080000,22216800,8150,39.00552821,0.2524717933,very low,,0.4810208828,,less than 1 per person,30 per 1000 people,216474,very low access,[0%-25%),49.10529268
155,274220,12127419.59,5541930.073,11450,16.90949073,10.43650927,very low,,0.3181793669,,less than 1 per person,37 per 1000 people,602743,very low access,[0%-25%),57.87931707
156,300000,12516349.73,7606399.035,165500,39.35215354,5.280846463,low,2.997694081,,,more than 1 per person,370 per 1000 people,8127359,medium access,[25%-50%),68.13156098
157,41285,1597134.819,1298227.072,22650,53.07419242,20.66480758,very high,-0.66694456,,,more than 1 per person,85 per 100 people,2282270506,very high access,[25%-50%),82.69756098
158,2780400,151637862.4,28449650.11,104350,24.00159842,67.29340158,medium high,,,,more than 1 per person,56 per 100 people,40788475,very high access,[25%-50%),75.8162439
160,756096,16047663.01,17422915.5,106100,77.78833672,11.38666328,medium low,1.791710733,,,more than 1 per person,66 per 100 people,93822011,very high access,[0%-25%),81.19792683
161,475440,9806308.306,19367207.46,23200,9.154202255,44.09579774,very low,1.945145275,,,less than 1 per person,64 per 1000 people,1485739,low access,[25%-50%),55.04180488
162,57725275.7,1731059052,1991939694,7180810,10.62777939,69.82531878,high,1.475936667,,,more than 1 per person,78 per 100 people,779957986,very high access,[0%-25%),79.1097829
163,19767153.5,779447621.3,557262185.2,1631670,22.6167743,11.06421634,very low,,0.4651721737,,less than 1 per person,73 per 1000 people,1273910,low access,[0%-25%),60.31082568
164,4000,49726.77596,169398.9071,,50.06542357,6.023576431,unknown,,,,less than 1 per person,57 per 100 people,133686941,very high access,unknown,76.33407317
165,342000,10617522.69,22412967.5,12000,29.03680738,35.06319262,very low,,0.3241789408,,less than 1 per person,61 per 1000 people,1399845,very low access,[0%-25%),60.92390244
166,238540,16458987.43,9728834.087,15500,40.97006254,11.76493746,low,,,0.2232371794,more than 1 per person,123 per 1000 people,2598948,very low access,[0%-25%),61.14207317
167,385178,1041086.321,12768785.95,25800,27.34017613,52.59882387,very high,2.131709174,,,more than 1 per person,95 per 100 people,1727293541,very high access,[25%-50%),81.45121951
169,20523269.5,891764985.9,543048522.5,8632830,17.04881201,21.03280754,low,,0.4603566006,,less than 1 per person,195 per 1000 people,4043309,medium access,[0%-25%),66.9918691
170,912050,22334652.23,48610750.18,115000,30.09609258,58.79790742,medium low,,,0.7815274523,more than 1 per person,55 per 100 people,11130912,very high access,[0%-25%),74.07441463
172,13880,19412.58742,714105.8941,850,4.517869771,78.14913023,medium high,1.984598107,,,less than 1 per person,72 per 100 people,316873798,very high access,[0%-25%),74.91446341
173,799380,50775745.82,38986827.32,11200,27.51988002,4.14911998,very low,,0.3551127091,,less than 1 per person,54 per 1000 people,1549088,very low access,[25%-50%),54.6415122
174,3287260,198618305.9,77556688.19,2728700,24.36785579,7.263144211,very low,,0.7760371338,,less than 1 per person,126 per 1000 people,3491640,low access,[0%-25%),67.28987805
175,56590,1316556.844,1942828.95,19550,8.266842062,50.09215794,medium low,2.206461781,,,more than 1 per person,67 per 100 people,193152713,very high access,[0%-25%),77.12682927
176,27750,1852685.051,99279.75326,120,4.347455475,51.82054453,very low,,0.4877893935,,less than 1 per person,106 per 1000 people,1054524,low access,[0%-25%),62.40114634
178,1030700,39711000,231500.0004,20850,41.55663255,17.07936745,very low,,0.3441368658,,more than 1 per person,62 per 1000 people,2065751,low access,[0%-25%),62.80270732
179,16270863,781046034.6,483303801.4,7181030,2.105816768,48.82484202,medium low,2.997694081,,,less than 1 per person,394 per 1000 people,5602516,medium access,[0%-25%),73.65761656
181,320,10300,350,2130,72.0246241,22.9663759,unknown,2.417624644,,,more than 1 per person,68 per 100 people,1623535302,very high access,[0%-25%),80.74634146
182,108890,3870655.397,3708112.99,42300,16.50799576,33.70400424,low,,0.3152083533,,more than 1 per person,160 per 1000 people,13859284,medium access,[0%-25%),71.24939024
183,33850,2534114.425,407106.5125,7750,21.13218225,23.72481775,low,,0.3866265536,,more than 1 per person,43 per 100 people,23036820,high access,[0%-25%),68.69341463
185,1001450,3783669.145,72232.76887,835500,23.81296665,19.21203335,low,,0.7851313783,,more than 1 per person,294 per 1000 people,3252908,very high access,unknown,70.92578049
186,28900,111511.254,2273384.066,,12.58882823,8.375171769,very low,,0.4926671688,,less than 1 per person,70 per 1000 people,7283825,low access,[0%-25%),67.50658537
187,241550,17364568.37,2827720.278,46800,7.583122853,7.853877147,very low,,0.4553668227,,less than 1 per person,162 per 1000 people,1203061,very low access,[25%-50%),57.76768293
189,83600,382300,320480,63000,42.15004832,42.83095168,high,1.100691404,,,more than 1 per person,88 per 100 people,200774825,very high access,[0%-25%),77.19563415
190,24262633.5,1065248704,628712233.4,1843750,8.111084699,28.61315549,low,,0.4553668227,,less than 1 per person,169 per 1000 people,6652688,low access,[0%-25%),58.07643164
191,236800,2395701.906,18860966.1,129100,20.52337299,15.94562701,very low,,0.5304116064,,less than 1 per person,125 per 1000 people,1063832,medium access,[25%-50%),65.6872439
192,637660,44749229.28,6701864.13,20000,8.580787233,29.57221277,unknown,,,,less than 1 per person,14 per 1000 people,99665,no info,[0%-25%),54.6902439
193,10887,,,,,,unknown,1.762585125,,,unknown,unknown,,no info,unknown,70.79756098
194,238540,16458987.43,9699061.141,15500,29.00611623,23.06288377,very low,,0.7633981926,,more than 1 per person,106 per 1000 people,2936045,very low access,unknown,60.97702439
195,912050,22334652.23,48780741.69,115000,18.35260799,70.49839201,medium low,,,0.4051729929,more than 1 per person,49 per 100 people,10718746,very high access,[0%-25%),73.92573171
196,1910930,60126304.8,97445541.88,676500,34.56346882,17.68853118,low,,0.5344488982,,more than 1 per person,149 per 1000 people,4095225,medium access,[0%-25%),68.70460976
199,243610,17301314.51,3114478.28,169150,2.063627675,79.77037233,high,2.821709747,,,more than 1 per person,87 per 100 people,1467308631,very high access,[0%-25%),80.90487805
201,24825058.9,1208420852,651197675.6,8628630,2.879116287,50.93952172,medium low,,0.2512416253,,less than 1 per person,41 per 100 people,136488950,medium access,[0%-25%),74.44456991
205,377962,4703789.759,25878826.74,259800,29.48108021,63.00991979,high,0.35947166,,,more than 1 per person,90 per 100 people,736665744,very high access,[0%-25%),83.33195122
206,312680,14835502.97,9569098.531,172700,58.8478496,1.840150395,medium low,,0.2964058295,,more than 1 per person,62 per 100 people,303390438,very high access,[0%-25%),76.79756098
207,75420,2289789.346,4733989.83,12000,35.66238506,30.03561494,medium low,,0.474849966,,more than 1 per person,40 per 100 people,135959534,medium access,[0%-25%),77.23704878
208,620,10773.77049,20815.7377,,9.425265724,9.024734276,medium low,,0.3481363226,,more than 1 per person,46 per 100 people,93979767,high access,[0%-25%),74.77763415
209,103000,1923557.107,46542.64337,180,51.94575772,41.89424228,high,,0.4329408833,,more than 1 per person,96 per 100 people,3133613540,very high access,[25%-50%),82.91707317
211,20425332.4,762104125.1,951661928.6,2470964,62.095568,16.96340277,medium low,,0.3289170328,,more than 1 per person,43 per 100 people,38519564,high access,[0%-25%),74.47639215
212,64490,1937085.062,3479286.831,5310,0.6471426011,66.8288574,medium high,0,,,more than 1 per person,75 per 100 people,272278248,high access,[0%-25%),73.9804878
214,2381740,41398689.99,1933200.001,317200,2.212821032,66.65717897,low,,0.7412154412,,less than 1 per person,152 per 1000 people,1308781,high access,[25%-50%),74.32409756
216,6385618,432151545.5,65407259,1626180,36.058249,23.43401866,medium low,2.954568298,,,more than 1 per person,42 per 100 people,52419484,very high access,[0%-25%),72.20712626
218,1759540,15355000,217000.0001,7000,32.38114414,45.78885586,medium low,2.605818027,,,more than 1 per person,165 per 1000 people,3351427,very high access,[0%-25%),71.65768293
219,8515770,284066270,504850975.2,713480,35.62334384,49.54765616,medium low,,0.5168249678,,more than 1 per person,51 per 100 people,56349922,high access,[0%-25%),74.12243902
220,50,300,1000,,31.85395051,68.14604949,unknown,,,,more than 1 per person,95 per 100 people,4938385563,no info,unknown,80.57243902
221,309500,1468500,2000.000142,47000,23.17857124,53.52042876,medium low,1.245416982,,,more than 1 per person,66 per 100 people,58358110,very high access,[0%-25%),76.84104878
222,26340,1967225.375,497972.2739,35000,7.006743093,19.86225691,very low,,0.6699301463,,less than 1 per person,90 per 1000 people,2708047,medium access,[50%-75%),63.39482927
223,10450,672150.5376,140007.5269,80000,58.97532619,28.45067381,medium low,,,,less than 1 per person,61 per 100 people,48415485,high access,[0%-25%),79.84636585
224,18270,424999.9999,1007480,3500,21.38181288,31.59418712,low,2.909178822,,,more than 1 per person,371 per 1000 people,30664848,very high access,unknown,69.91792683
226,14870,384000,719599.9999,1330,6.795099175,24.03690082,unknown,,,0.2269290321,less than 1 per person,9 per 1000 people,,low access,[25%-50%),67.02058537
227,1564120,114080100.4,12834007.52,17500,60.88303646,9.48296354,low,,0.7170690093,,more than 1 per person,200 per 1000 people,22034336,medium access,[0%-25%),69.06180488
229,447420,3348565.356,30835227.72,16100,51.49668153,33.86631847,very high,0.888377507,,,more than 1 per person,93 per 100 people,1511443925,very high access,[25%-50%),81.70487805
230,114760,3765626.108,4540123.802,9450,30.97976173,11.68723827,very low,,0.5627602931,,less than 1 per person,45 per 1000 people,696532,very low access,[0%-25%),59.12197561
231,2724902,219019764.1,3339889.885,70500,26.02323503,27.33776497,medium low,,0.4863918611,,more than 1 per person,54 per 100 people,9392276,very high access,[0%-25%),70.45
232,1564120,114166584.3,12931948.76,17200,54.51394543,14.95805457,low,,,0.2881632804,more than 1 per person,164 per 1000 people,19228448,medium access,[0%-25%),68.6135122
233,70280,4624462.766,751860.3167,9350,45.22423267,17.16176733,high,1.692784715,,,more than 1 per person,77 per 100 people,1003510652,very high access,[0%-25%),80.89512195
234,330972,11584393.59,15355768.67,522000,27.08991799,4.578082008,low,,0.7578513399,,more than 1 per person,395 per 1000 people,6702496,medium access,[0%-25%),75.60668293
235,43090,2664816.404,606428.5318,17200,31.5800086,55.5619914,very high,2.411075048,,,more than 1 per person,92 per 100 people,2213867585,very high access,[25%-50%),80.05121951
237,462840,1216224.882,34304287.12,1900,0.4924175316,12.48458247,low,,0.4133597883,,less than 1 per person,65 per 1000 people,7798750,very low access,[0%-25%),62.44917073
238,100150,1839426.811,6385321.212,659500,73.26143004,8.879569958,medium high,2.192307692,,,more than 1 per person,84 per 100 people,2751535609,very high access,[0%-25%),81.21341463
239,430,14000,6300,610,20.56700605,11.08499395,unknown,1.804005504,,,more than 1 per person,73 per 100 people,343359186,very high access,[0%-25%),75.33395122
240,13810,229102.2528,849135.316,12180,9.127142372,54.51585763,unknown,2.205892681,,,more than 1 per person,60 per 100 people,37024695,very high access,[0%-25%),74.75836585
241,38394,523375.9843,2754956.096,,32.22216019,4.916839808,low,,0.5838888889,,less than 1 per person,299 per 1000 people,9275983,low access,[0%-25%),69.10292683
242,581730,26572167.54,11441624.09,10500,33.06801189,23.63098811,medium low,,0.6283570078,,more than 1 per person,115 per 1000 people,10783835,medium access,[0%-25%),64.22273171
243,21040,1606432.432,278028.5713,32300,58.48463328,7.290366725,low,0.757824507,,,more than 1 per person,231 per 1000 people,19541372,medium access,[25%-50%),72.49814634
245,51100,1813419.506,2667488.053,9800,24.10974182,49.83025818,medium low,,0.3753389743,,more than 1 per person,48 per 100 people,97977116,very high access,[25%-50%),79.05353659
247,377960,4716205.947,25880348.61,259800,32.86952865,59.03247135,high,-0.033428046,,,more than 1 per person,79 per 100 people,750046121,very high access,[0%-25%),83.09609756
248,923770,73027701.84,8339154.986,162000,21.25268356,23.98131644,low,,,0.2349424458,less than 1 per person,328 per 1000 people,1747499,low access,[0%-25%),52.105
249,78870,4308591.61,2719549.528,24100,27.8246245,45.2353755,medium high,1.434726602,,,more than 1 per person,74 per 100 people,563900192,very high access,[0%-25%),78.27804878
251,810,34000,12150,,31.62918005,12.31881995,low,,,,less than 1 per person,107 per 1000 people,9379103,low access,[0%-25%),65.59607317
252,56590,1345984.453,1942424.446,19550,15.01476684,43.05923316,medium low,,0.2852485738,,more than 1 per person,62 per 100 people,245105046,very high access,[0%-25%),76.92439024
253,17820,152000,6249.999993,22600,67.41151337,30.88248663,high,,0.266611977,,more than 1 per person,70 per 100 people,170196290,very high access,[0%-25%),74.359
255,65610,2814398.023,2186442.003,223100,6.729095864,11.56790414,low,,0.6285761443,,less than 1 per person,183 per 1000 people,7674144,very high access,[0%-25%),74.06804878
256,2040,87428.57143,38669.55664,2500,37.08614317,3.077856826,medium low,,0.3210133611,,more than 1 per person,354 per 1000 people,138548048,very high access,[0%-25%),73.86341463
257,28460411,841195444.7,1081549711,4797650,31.69624165,38.79654505,medium high,1.604392981,,,more than 1 per person,66 per 100 people,435628069,very high access,[0%-25%),76.78973192
259,350,4000.000001,17940,,75.648419,19.267581,unknown,,,,unknown,41 per 100 people,446449774,very high access,unknown,79.47317073
261,51210,2156421.094,2185426.758,10500,23.61076642,15.76723358,unknown,2.049674463,,,less than 1 per person,53 per 100 people,25859238,very high access,[0%-25%),76.12017073
262,109880,6612061.438,3137157.663,75500,34.70601573,42.07498427,unknown,,,,less than 1 per person,212 per 1000 people,88163,very high access,[25%-50%),79.14160976
264,756096,16076115.81,17117032.66,106100,23.52103682,65.46496318,medium low,,0.250543363,,more than 1 per person,61 per 100 people,82526106,very high access,[0%-25%),80.89485366
265,274220,12327872.81,5481994.561,11450,26.3192364,1.866763601,very low,0.533738507,,,less than 1 per person,91 per 1000 people,819454,very low access,[0%-25%),58.24063415
266,49036,1966518.175,1977836.999,15850,33.52625159,20.41874841,medium high,1.40047369,,,more than 1 per person,78 per 100 people,262866561,very high access,[0%-25%),76.26097561
267,86600,4995702.534,1111327.204,81950,2.644651606,51.21134839,low,,,,more than 1 per person,54 per 100 people,6454539,high access,[0%-25%),70.62495122
268,2396935,85115499,90928557.22,89980,39.89538403,5.512798587,low,,0.3454372708,,less than 1 per person,220 per 1000 people,51576972,medium access,[0%-25%),64.60768171
269,2040,86423.64532,38709.7537,2500,33.59214999,6.386850014,medium low,,0.2952746449,,more than 1 per person,390 per 1000 people,131092525,very high access,[0%-25%),74.46
270,505940,27250625.7,18525277.17,215600,77.46097634,1.441023658,medium high,2.445914628,,,more than 1 per person,70 per 100 people,290915357,very high access,[25%-50%),82.42682927
271,21040,1596277.992,282496.5252,32300,34.89373635,30.39326365,low,1.729577995,,,more than 1 per person,203 per 1000 people,21408928,medium access,[25%-50%),72.23185366
272,1896815,80899042.83,50897162.75,73970,37.19313091,10.38527555,low,,0.5122312908,,less than 1 per person,145 per 1000 people,27480817,medium access,[0%-25%),61.66077771
273,2344860,27099239.98,158458978.8,134250,34.05422615,7.406773855,very low,1.632925411,,,less than 1 per person,22 per 1000 people,317010,low access,[0%-25%),58.27192683
275,717,679.4766618,16581.25884,147600,50.64571196,49.35428804,unknown,2.378490176,,,more than 1 per person,81 per 100 people,609349533,very high access,[0%-25%),82.34634146
276,770,8600.000001,559.9999998,19460,50.06090842,38.55809158,medium high,2.754553598,,,more than 1 per person,88 per 100 people,134225470,very high access,[0%-25%),76.40763415
277,89320,1051255.553,98093.03898,115500,54.90430022,28.06569978,low,,0.3973291955,,more than 1 per person,370 per 1000 people,29281418,very high access,[0%-25%),73.74739024
279,455,1480,40670,840,36.3786308,16.8523692,medium high,,0.3615782069,,more than 1 per person,50 per 100 people,611790879,very high access,[25%-50%),74.22682927
282,1879357.5,86070223.14,15470505.51,264300,32.00643837,1.453561625,low,,,0.5761270465,less than 1 per person,227 per 1000 people,40025,very low access,[0%-25%),63.16704878
283,30530,1344005.614,687711.44,30700,33.94256577,63.78943423,high,2.839663434,,,more than 1 per person,81 per 100 people,674409965,very high access,[25%-50%),80.38536585
284,20425333.4,767753795.4,949443820.3,2484593,67.03306189,12.30684842,medium low,2.711244572,,,more than 1 per person,47 per 100 people,39389399,high access,[0%-25%),74.7022015
286,72300,3955214.672,2921649.211,10500,14.91199244,24.31400756,very low,,0.3615782069,,less than 1 per person,17 per 1000 people,809211,very low access,[0%-25%),50.36312195
287,28900,111511.254,2267602.001,,16.94660877,4.474391228,very low,,0.4492803238,,less than 1 per person,80 per 1000 people,5350598,low access,[0%-25%),67.71892683
288,1240190,41876321.06,4952872.807,11800,13.91947103,24.44352897,very low,-0.606221674,,,more than 1 per person,35 per 1000 people,964315,very low access,[0%-25%),57.53519512
289,1284000,50918472.05,5358293.519,34850,15.71125381,6.417746187,very low,,,0.2695808735,less than 1 per person,21 per 1000 people,,very low access,[0%-25%),50.78139024
290,181040,5948515.75,9960481.94,191300,6.236914451,14.08208555,very low,2.94260016,,,more than 1 per person,68 per 1000 people,2055899,low access,[0%-25%),67.77204878
291,587295,41806516.77,12639367.29,21600,30.54561418,2.650385821,very low,,0.529891566,,less than 1 per person,23 per 1000 people,538268,very low access,[0%-25%),64.24665854
292,1896810,80551436.45,50905860.45,73970,28.42554269,19.63469974,low,,0.4106950593,,more than 1 per person,163 per 1000 people,20010029,medium access,[0%-25%),61.99896524
293,12190,187000,440000,,1.142035867,24.36596413,low,1.446143318,,,less than 1 per person,113 per 1000 people,43449924,medium access,[0%-25%),71.6692439
295,111000,5238144.805,3856166.175,47300,21.66522521,51.30577479,medium low,2.954568298,,,more than 1 per person,52 per 100 people,164114205,high access,[0%-25%),74.31463415
296,118480,7207072.55,4022639.796,6800,12.86768485,2.930315152,very low,,,0.4090627885,less than 1 per person,44 per 1000 people,891695,low access,[0%-25%),60.05029268
297,65130,873034.2631,4012507.283,,33.26476807,3.732321067,low,1.446143318,,,less than 1 per person,229 per 1000 people,25924574,medium access,unknown,69.72836332
298,8870,197700,489330,,35.47678106,58.19921894,unknown,,,,less than 1 per person,74 per 100 people,109571090,very high access,unknown,78.71119512
299,17360,1233367.442,577522.7907,,0.09144366707,21.28255633,low,,0.7449674321,,less than 1 per person,208 per 1000 people,6495120,medium access,[0%-25%),48.85063415
300,14778260.5,507032690.6,307618320.4,2440000,13.72882797,26.61733552,very low,,0.2893648546,,less than 1 per person,100 per 1000 people,1441702,low access,[0%-25%),61.77110489
301,700,22000,64210,,18.10612854,4.235871457,low,,,,less than 1 per person,278 per 1000 people,19283056,medium access,[0%-25%),68.97339024
302,8775420,200497823.3,22042049.56,2718250,1.420419088,58.29593561,low,,0.2711403481,,more than 1 per person,290 per 1000 people,3402261,high access,[0%-25%),72.34759616
303,14778260.5,510417772.9,309332117.4,3158180,32.44254969,7.511105926,very low,,0.5062041808,,less than 1 per person,86 per 1000 people,1437006,low access,[0%-25%),61.41393666
304,8870,196800,486030,,4.579095649,89.14290435,unknown,,,,less than 1 per person,69 per 100 people,113665036,very high access,unknown,78.53553659
305,5770,14671.34725,416053.1309,9250,9.06347306,67.15952694,high,0.464102858,,,more than 1 per person,60 per 100 people,113436840,no info,unknown,78.25258537
306,41500,2266623.665,460536.7735,43300,51.39863732,37.17636268,high,2.454488578,,,more than 1 per person,93 per 100 people,2805855364,very high access,[25%-50%),81.10487805
307,25710,1291616.574,1017390.167,8000,39.37537902,17.58362098,low,,0.2763379658,,more than 1 per person,57 per 100 people,40110764,very high access,[25%-50%),75.03126829
308,30530,1347534.511,688155.0726,37500,46.33470458,51.44129542,high,1.113938556,,,more than 1 per person,82 per 100 people,738275517,very high access,[25%-50%),80.38536585
310,652860,37910000,1350000,338150,24.58609802,0.8819019823,very low,,0.6015214801,,less than 1 per person,55 per 1000 people,1110109,low access,[25%-50%),59.67960976
311,28750,1260488.139,812533.7593,14750,0.506614865,53.82338514,low,2.03159594,,,more than 1 per person,55 per 100 people,20686167,very high access,[0%-25%),77.35046341
313,180,2000,419.9999999,,37.18042295,5.183577055,unknown,0.571755528,,,more than 1 per person,74 per 100 people,312521364,very high access,unknown,75.2057561
314,83879,3216760.667,3926277.01,22800,20.28052787,45.58347213,high,2.485675087,,,more than 1 per person,80 per 100 people,1139028500,very high access,[25%-50%),80.93658537
315,148460,10401438.12,1638682.707,220950,4.832412686,27.15758731,very low,,0.5181818642,,less than 1 per person,50 per 1000 people,727824,medium access,[0%-25%),70.86026829
316,22970,161122.3148,1391039.435,1050,30.76451742,13.73148258,low,1.306449816,,,less than 1 per person,310 per 1000 people,273234593,very high access,[0%-25%),69.90514634
317,38394,523375.9843,2744953.934,,1.593227292,34.77477271,low,,,0.2099934027,less than 1 per person,240 per 1000 people,12101475,low access,[0%-25%),68.72290244
319,8515770,280804799,505853532.9,713480,34.68818868,50.21281132,medium low,,0.4501637292,,more than 1 per person,49 per 100 people,53280215,high access,[0%-25%),73.83958537
320,27830,2094836.059,284152.1027,51000,10.71719998,0.4718000235,very low,,,0.3464003088,less than 1 per person,12 per 1000 people,296309,low access,[25%-50%),55.78929268
322,434990,2695573.452,37065660.68,12510,8.122680697,33.81432971,medium low,2.598444141,,,more than 1 per person,43 per 100 people,114631356,high access,[0%-25%),71.74355442
325,78870,4314719.021,2717507.057,26750,1.416990526,71.69800947,medium high,,0.2749227616,,more than 1 per person,73 per 100 people,518800451,very high access,[0%-25%),78.07560976
327,1001450,3718277.362,71629.15289,835500,38.29312621,4.708873794,low,,0.593179635,,more than 1 per person,264 per 1000 people,3490507,very high access,[0%-25%),70.72914634
328,28050,283999.9999,1602800,1320,26.9100468,12.5529532,low,,0.5122312908,,less than 1 per person,139 per 1000 people,1292442,medium access,[0%-25%),56.89026829
330,2758796,123057382.1,104852396.3,1536150,67.10845387,8.171280049,high,2.485675087,,,more than 1 per person,74 per 100 people,688956712,very high access,[25%-50%),81.31211954
331,4383476,192981843.5,165460830.4,2194700,14.08798541,60.06791427,high,2.718769044,,,more than 1 per person,74 per 100 people,742346690,very high access,[25%-50%),80.31371947
332,1396,3000,79.99999964,,10.46566802,30.85733198,unknown,,,,more than 1 per person,85 per 100 people,,no info,unknown,81.09756098
333,4000,49726.77596,169398.9071,,15.76609051,40.45190949,unknown,,,,less than 1 per person,53 per 100 people,146105378,very high access,unknown,76.12702439
334,11300,675543.4783,539541.5019,800,24.33560919,33.37039081,very low,,0.3545445646,,less than 1 per person,124 per 1000 people,3873593,medium access,[0%-25%),59.77814634
335,69700,2472449.273,2830929.342,32350,17.49061806,35.67138194,low,-0.943704994,,,more than 1 per person,369 per 1000 people,26053845,high access,[0%-25%),73.94487805
336,540,18000,25000,,60.53435519,33.73864481,unknown,,,,unknown,62 per 100 people,251831924,high access,unknown,78.6175122
337,214970,1832459.538,18079976.23,1100,23.81228993,4.506710067,low,2.391935213,,,less than 1 per person,330 per 1000 people,6592740,high access,[25%-50%),66.21726829
340,93030,5485409.699,2111954.667,38500,53.25704416,16.57495584,medium low,,0.4754857785,,more than 1 per person,71 per 100 people,247773216,very high access,[0%-25%),75.06341463
342,22070,536655.915,161547.5046,184500,67.02273678,24.92626322,high,1.70761176,,,more than 1 per person,71 per 100 people,396308704,very high access,[0%-25%),81.70487805
343,301340,14065060.38,9359222.493,359500,17.31458922,51.24541078,high,,0.2534468775,,more than 1 per person,56 per 100 people,212883108,very high access,[0%-25%),82.23902439
344,10990,450559.5568,341309.012,2830,4.436769475,49.69023052,medium low,,0.5748540155,,less than 1 per person,338 per 1000 people,51333091,high access,[0%-25%),73.2824878
345,2724902,219037932.1,3339889.885,70500,19.59684798,33.86115202,medium low,,0.426142407,,more than 1 per person,53 per 100 people,7384722,very high access,[0%-25%),69.61
347,236800,2358766.031,18666878.34,129100,27.09878833,8.269211667,very low,,0.3547451838,,less than 1 per person,107 per 1000 people,926920,medium access,[25%-50%),65.2485122
348,20818177.5,826416957,565639538.6,3171900,25.91846944,4.072556691,very low,,0.523305458,,less than 1 per person,59 per 1000 people,936416,low access,[0%-25%),62.32909413
349,111370,3133437.5,4936031.25,2050,42.10082994,6.440170059,very low,,0.5695640184,,less than 1 per person,26 per 1000 people,1193273,very low access,[0%-25%),60.20436585
350,1759540,15355000,217000.0001,7000,29.73806406,48.24993594,medium low,,0.5049836602,,more than 1 per person,unknown,1750644,very high access,[0%-25%),71.64956098
352,76599978.5,3324869742,2148758516,20795434,22.07386564,23.75299845,low,,0.4113233178,,less than 1 per person,256 per 1000 people,9614605,medium access,[0%-25%),69.0589311
353,2590,131420,86699.99999,1510,81.03532956,8.211670444,very high,2.664199548,,,more than 1 per person,92 per 100 people,1985135965,very high access,[0%-25%),81.39268293
355,300,7899.999999,999.9999999,,11.49151683,30.81148317,medium low,,,0.2332830013,more than 1 per person,389 per 1000 people,87002671,very high access,[0%-25%),76.46234146
356,700,22000,64180,,12.30080075,10.01619925,low,,,,less than 1 per person,260 per 1000 people,57962054,medium access,[0%-25%),68.85070732
357,8775420,199798974,22031406.62,3399050,30.71840189,28.7014865,low,,0.5049836602,,less than 1 per person,258 per 1000 people,3386116,high access,[0%-25%),72.14065674
358,62144162.5,2756292410,1744245662,17649784,19.74707204,28.02401048,low,,0.3659824855,,less than 1 per person,280 per 1000 people,10524468,medium access,[0%-25%),70.07233659
359,13810,526730.855,849135.316,12180,10.03356884,53.42343116,unknown,,0.3454372708,,more than 1 per person,57 per 100 people,30615484,very high access,[0%-25%),74.64987805
360,676590,12999353.76,31781239.4,513250,9.170329288,23.29867071,low,1.467583227,,,less than 1 per person,11 per 1000 people,95159,high access,[0%-25%),65.42778049
361,18580,187324.617,852769.1466,,56.11172279,12.39727721,unknown,,,,less than 1 per person,58 per 100 people,217054264,very high access,unknown,77.12195122
362,36196935,1290662259,1129565493,5757040,6.353711884,73.20054283,high,2.470081833,,,more than 1 per person,72 per 100 people,954593921,very high access,[25%-50%),79.79538758
363,462840,1216224.882,34307148.82,1900,1.997190759,10.98480924,low,,0.3781004235,,less than 1 per person,35 per 1000 people,7267777,very low access,[0%-25%),62.29990244
364,300000,12506288.36,7364926.05,165500,9.076067563,35.73393244,low,,0.2643404705,,more than 1 per person,362 per 1000 people,8685933,medium access,[0%-25%),68.00707317
366,2149690,173345000,977000.0002,249000,71.01098035,11.49901965,medium high,2.885962454,,,more than 1 per person,54 per 100 people,29292061,very high access,[0%-25%),74.01602439
367,196710,9210723.782,8575219.601,18600,0.2170777547,42.56392225,very low,1.421378457,,,less than 1 per person,108 per 1000 people,2104483,low access,[25%-50%),65.31887805
368,460,1420,40670,840,32.66105566,20.25394434,medium low,,0.5925308853,,more than 1 per person,47 per 100 people,1121139712,very high access,[25%-50%),74.22682927
369,20270,482796.3755,1255451.738,13550,9.726227166,40.12977283,medium high,2.598297643,,,more than 1 per person,68 per 100 people,557078962,very high access,[25%-50%),80.12439024
370,1219090,97319980.13,9286706.419,62100,24.50786045,38.76413955,medium low,,0.4711319169,,more than 1 per person,41 per 100 people,81904111,medium access,[25%-50%),56.09831707
371,5136164,290709295.5,89327392.32,4616450,0.646598679,31.13301379,very low,,0.7819427645,,less than 1 per person,115 per 1000 people,3014539,low access,[0%-25%),67.42935708
372,54.4,,,,,,unknown,,,,unknown,unknown,32300785,no info,unknown,79.02195122
374,24262633.5,1070629253,631627717.6,1858650,8.522891941,27.70010833,very low,,0.5479916423,,less than 1 per person,146 per 1000 people,6363868,low access,[0%-25%),57.54516382
375,1879357.5,89144507.13,15608459.53,264300,26.36065386,6.954346143,low,,,0.7191031717,less than 1 per person,210 per 1000 people,61610,very low access,[0%-25%),62.83219512
376,163820,76869.38458,16112537.1,1840,9.915226769,56.29277323,medium low,,0.4172385995,,more than 1 per person,347 per 1000 people,37840446,high access,[0%-25%),70.80631707
377,750,32291.66667,9375,,11.73754309,11.76045691,low,1.212990573,,,less than 1 per person,330 per 1000 people,28634424,very high access,[0%-25%),72.488
378,5130,54000,229630,4050,1.192717237,7.602282763,medium low,,0.7723816866,,more than 1 per person,60 per 100 people,96155351,very high access,[25%-50%),70.15139024
379,488100,35146357.54,4286571.83,22000,21.42647826,27.59652174,unknown,,,,more than 1 per person,72 per 1000 people,386627,no info,[0%-25%),65.31158537
380,241550,17424799.27,2990584.629,46800,11.32878217,3.786217828,very low,,,0.2695395492,less than 1 per person,147 per 1000 people,1497149,very low access,[25%-50%),57.10019512
381,603550,43024242.82,9992767.695,214850,37.0681164,32.0038836,low,0.555555556,,,more than 1 per person,353 per 1000 people,23490294,very high access,[0%-25%),70.94414634
382,176220,14327565.99,1788962.242,25450,30.06019346,64.74280654,medium high,,0.6748138172,,more than 1 per person,54 per 100 people,80370872,very high access,[0%-25%),76.68839024
384,6020,261000,9170,56000,52.50022979,22.07677021,unknown,2.778385296,,,less than 1 per person,43 per 100 people,4694951,very high access,unknown,73.01787805
386,752610,24131629.38,49744201.34,16500,19.75075993,19.83624007,very low,,0.5479916423,,less than 1 per person,135 per 1000 people,2231753,low access,[0%-25%),58.36331707
388,1246700,59190000,58105600,117000,11.38945158,31.10054842,low,,0.7313409111,,less than 1 per person,191 per 1000 people,3539717,medium access,[25%-50%),51.86617073
389,440,8999.999998,9799.999999,180,11.70747342,12.93552658,unknown,1.059497824,,,more than 1 per person,63 per 100 people,689003723,no info,[0%-25%),75.77865854
390,180,2000,419.9999999,,9.915907129,32.14209287,unknown,-2.37226328,,,more than 1 per person,79 per 100 people,281769512,very high access,unknown,75.32865854
391,83879,3205992.768,3928534.57,22500,24.05289037,41.83110963,high,2.000157493,,,more than 1 per person,81 per 100 people,1078617233,very high access,[25%-50%),80.8902439
392,86600,4997213.613,1138783.871,81950,0.7094387837,53.39056122,medium low,,,,more than 1 per person,59 per 100 people,8495454,high access,[0%-25%),70.69314634
393,148460,10387752.02,1635717.385,220950,1.142882321,31.61011768,very low,,0.6274977353,,less than 1 per person,66 per 1000 people,763566,medium access,[0%-25%),71.2452439
394,207600,8927690.11,8792332.168,158000,43.61726898,32.25973102,medium low,,,,more than 1 per person,54 per 100 people,26093387,very high access,[25%-50%),72.47073171
395,22970,161122.3148,1385994.292,1050,2.657986185,41.64001382,low,0.652552117,,,less than 1 per person,336 per 1000 people,171415456,very high access,[0%-25%),69.98204878
397,5770,15766.22391,416053.1309,9250,0.7985244589,75.76247554,unknown,0.383263086,,,more than 1 per person,64 per 100 people,119076839,no info,unknown,78.54665854
398,27830,2203208.333,289137.2274,51050,7.990996385,3.481003615,very low,,0.662556194,,less than 1 per person,13 per 1000 people,286644,low access,[25%-50%),56.25160976
400,9562911,524128030.7,209056039.4,2993000,0.2616322059,52.90636779,medium low,2.627118644,,,less than 1 per person,46 per 100 people,3873639,medium access,[0%-25%),75.35302439
401,1141749,46118221.25,60257148.98,455750,6.643884145,69.23911585,medium low,2.022774948,,,more than 1 per person,52 per 100 people,34176579,high access,[0%-25%),73.80973171
402,51100,1818423.424,2697711.712,9800,52.44552701,22.51047299,medium low,,0.4353571558,,more than 1 per person,46 per 100 people,81802928,very high access,[25%-50%),79.22521951
403,24825178.3,1200197044,652062236.3,8629430,2.947827242,51.83684557,medium low,2.909178822,,,less than 1 per person,44 per 100 people,112090708,high access,[0%-25%),74.6046189
404,256370,7756338.3,13115117.49,58983,5.953534229,57.34446577,medium low,2.738631757,,,more than 1 per person,40 per 100 people,24582870,high access,[25%-50%),75.6485122
405,6385618,431904263.1,65656030.99,1526580,20.24318446,39.46072833,medium low,2.784383849,,,more than 1 per person,44 per 100 people,33906603,very high access,[0%-25%),72.45646107
407,11300,675543.4783,541328.0632,800,51.4165761,6.956423896,very low,,0.4749775248,,less than 1 per person,140 per 1000 people,4285229,medium access,[0%-25%),59.99926829
409,540,18000,25000,,92.37105498,1.984945023,unknown,,,,unknown,65 per 100 people,242246595,high access,unknown,78.8725122
410,108890,3780767.292,3671125.346,42300,0.1776495945,50.48335041,low,,0.3619476094,,more than 1 per person,197 per 1000 people,13128718,medium access,[0%-25%),71.48639024
411,214970,1832459.538,18069055.73,1100,7.740919322,20.64108068,low,1.832450594,,,less than 1 per person,350 per 1000 people,13140035,high access,[25%-50%),66.31002439
413,103000,1923557.107,47878.30422,200,59.41604438,34.52595562,high,,0.3237204161,,more than 1 per person,97 per 100 people,2915704031,very high access,[25%-50%),83.11707317
414,1745150,49466009.11,11457498.32,563000,53.04866473,19.27133527,medium low,,,0.7551223265,less than 1 per person,300 per 1000 people,1270212,high access,[0%-25%),75.12597561
416,22070,530638.6784,163791.22,184500,28.75004291,63.26195709,high,1.525873129,,,more than 1 per person,71 per 100 people,270364166,very high access,[0%-25%),82.05609756
417,10990,450559.5568,340923.3979,2830,39.31067605,15.02532395,medium low,,0.7787002362,,more than 1 per person,371 per 1000 people,44571586,high access,[0%-25%),73.46892683
418,89320,1063026.718,98093.03898,115500,72.18761238,11.02338762,medium low,,0.4557490891,,more than 1 per person,41 per 100 people,26934985,very high access,[0%-25%),73.90141463
419,120540,2632839.465,5290705.922,1379000,1.637548604,58.9314514,unknown,,,,less than 1 per person,unknown,40168,high access,[0%-25%),69.79195122
420,100266,1819511.155,6377290.411,659500,62.91456244,19.33443756,medium high,1.307866014,,,more than 1 per person,85 per 100 people,1994895665,very high access,[0%-25%),81.4597561
421,199949,11035558.52,680743.9886,20400,34.25506592,1.22793408,very low,,0.5505446435,,more than 1 per person,230 per 1000 people,5419959,very high access,[0%-25%),70.20243902
422,20818177.5,822524629.6,563083938.6,3134520,29.97101717,0.5319688516,very low,,0.4749775248,,less than 1 per person,71 per 1000 people,938352,low access,[0%-25%),62.77473727
423,30360,2252100,47000.00001,2000,21.88691606,4.384083942,very low,,0.4106950593,,less than 1 per person,50 per 1000 people,480063,low access,[25%-50%),49.33146341
424,160,5600,6900,,0.4418629983,13.888137,unknown,,,,more than 1 per person,94 per 100 people,8207343413,no info,[0%-25%),82.38292683
425,65300,3012499.72,2267136.817,21950,8.281887704,58.2721123,medium high,1.047466621,,,more than 1 per person,68 per 100 people,256619273,very high access,[0%-25%),74.16341463
426,76599979.5,3327454358,2144714556,20025813,16.35896489,30.05262472,low,,0.3619476094,,less than 1 per person,283 per 1000 people,9082471,medium access,[0%-25%),69.31113049
427,30.3,,,,35.5077118,64.4922882,unknown,,0.4592231935,,more than 3 per person,66 per 100 people,309828608,no info,unknown,80.33914634
428,25710,1284480.571,1017390.167,8000,10.66842863,46.31257137,low,2.784383849,,,more than 1 per person,65 per 100 people,52592395,very high access,[25%-50%),75.18704878
429,11370800,377812656.8,23449794.35,3320240,33.52219687,29.92021025,medium low,2.702702703,,,more than 1 per person,347 per 1000 people,20001251,very high access,[0%-25%),72.8960011
434,923770,71810573.47,7923708.504,162000,16.59508734,29.49891266,low,,0.7063189404,,less than 1 per person,380 per 1000 people,1683867,low access,[0%-25%),52.44214634
435,19816230,511335882.7,713420042.9,1498850,80.57019437,0.7297581575,very high,1.201562277,,,less than 1 per person,84 per 100 people,1278212588,very high access,[0%-25%),79.09764889
436,36197059,1277284829,1130756950,5663760,38.520451,41.28188491,high,1.449779629,,,more than 1 per person,76 per 100 people,838203690,very high access,[25%-50%),79.92197388
437,796100,37466931.3,1608971.306,947800,2.454100959,35.40589904,very low,,0.6407919713,,less than 1 per person,109 per 1000 people,1285924,medium access,[0%-25%),65.96368293
438,75420,2289789.346,4717351.573,12000,4.872304165,61.12169583,medium low,,0.3355966597,,more than 1 per person,44 per 100 people,91179428,medium access,[0%-25%),77.41921951
439,406752,22098519.81,16353826.07,25450,10.6151613,48.5588387,low,2.683857387,,,more than 1 per person,369 per 1000 people,16239619,high access,[0%-25%),72.79917073
440,1285220,24433237.09,74611238.13,192000,44.79287641,33.16112359,medium low,2.816502821,,,less than 1 per person,392 per 1000 people,21233117,medium access,[0%-25%),74.28385366
442,238390,14410350.61,6966920.028,151300,45.98086639,8.254133606,medium low,,0.3321133252,,more than 1 per person,50 per 100 people,68956223,high access,[0%-25%),74.46341463
444,960,48700,53600,,58.59021085,5.311789145,low,,0.675524394,,less than 1 per person,230 per 1000 people,49345893,low access,[0%-25%),66.2595122
445,196710,9111617.826,8534351.165,18600,33.82081361,9.258186389,very low,0.698626837,,,less than 1 per person,131 per 1000 people,2179869,low access,[25%-50%),65.8787561
446,637660,44850874.33,6623800.74,11000,24.07907209,14.53292791,unknown,,,,less than 1 per person,15 per 1000 people,,no info,[0%-25%),55.02302439
447,1219090,97319980.13,9286706.419,77150,6.464737649,57.32326235,medium low,,0.4537732902,,more than 1 per person,46 per 100 people,86065012,medium access,[25%-50%),56.73658537
448,5136164,291670527.9,89473923.74,4629950,24.4110167,7.7765938,very low,,0.6326787246,,less than 1 per person,138 per 1000 people,3273938,low access,[0%-25%),67.78092073
449,620,10773.77049,20754.7541,,0.9938587986,17.4651412,medium low,1.472018389,,,more than 1 per person,46 per 100 people,71309070,very high access,[0%-25%),74.91270732
450,390,10000,27000,,10.12722959,39.72077041,medium low,0.805127804,,,more than 1 per person,52 per 100 people,237818654,no info,[0%-25%),72.81087805
451,163820,87370.66661,16108546.62,1940,19.08210886,47.05789114,medium low,1.960784314,,,more than 1 per person,374 per 1000 people,33742619,high access,[0%-25%),70.99
452,447420,3347796.48,30835227.72,16100,15.59761905,69.91638095,very high,-0.04429297,,,more than 1 per person,95 per 100 people,1437964064,very high access,[25%-50%),81.70487805
454,5130,54000,231250,4050,5.443007922,3.222992078,medium low,,0.4333181171,,more than 1 per person,64 per 100 people,92713463,very high access,[25%-50%),70.30529268
456,603550,43001322.67,10015479.47,121500,29.56724923,39.70675077,low,-0.276243094,,,more than 1 per person,41 per 100 people,26489571,very high access,[0%-25%),71.1595122
457,243610,17369988.11,3131596.331,159150,42.81842443,39.27357557,high,2.554546687,,,more than 1 per person,90 per 100 people,1193274739,very high access,[0%-25%),80.95609756
458,9831510,435757614.7,332694329.4,1433150,22.94836334,58.32863666,very high,1.464832656,,,less than 1 per person,84 per 100 people,1304449354,very high access,[0%-25%),78.84146341
459,176220,14461477.89,1811858.156,25450,92.40906864,2.57393136,medium high,,0.7145945867,,more than 1 per person,58 per 100 people,75118054,very high access,[0%-25%),76.83619512
460,330972,11606702.47,15493464.64,522000,27.41181467,4.897185326,low,,0.5493546582,,more than 1 per person,44 per 100 people,8159726,medium access,[0%-25%),75.7564878
461,350,4000.000001,17820,,32.29171886,62.77228114,unknown,,,,unknown,45 per 100 people,401004421,very high access,unknown,79.62439024